episode_reward_max,episode_reward_min,episode_reward_mean,episode_len_mean,episodes_this_iter,num_healthy_workers,timesteps_total,agent_timesteps_total,done,episodes_total,training_iteration,experiment_id,date,timestamp,time_this_iter_s,time_total_s,pid,hostname,node_ip,time_since_restore,timesteps_since_restore,iterations_since_restore,trial_id,hist_stats/episode_reward,hist_stats/episode_lengths,sampler_perf/mean_raw_obs_processing_ms,sampler_perf/mean_inference_ms,sampler_perf/mean_action_processing_ms,sampler_perf/mean_env_wait_ms,sampler_perf/mean_env_render_ms,timers/load_time_ms,timers/load_throughput,timers/learn_time_ms,timers/learn_throughput,timers/update_time_ms,info/num_steps_sampled,info/num_agent_steps_sampled,info/num_steps_trained,info/num_agent_steps_trained,info/last_target_update_ts,info/num_target_updates,perf/cpu_util_percent,perf/ram_util_percent,perf/gpu_util_percent0,perf/vram_util_percent0,info/learner/default_policy/td_error,info/learner/default_policy/train,info/learner/default_policy/learner_stats/mean_q,info/learner/default_policy/learner_stats/max_q,info/learner/default_policy/learner_stats/min_q
0.0,0.0,0.0,465.6666666666667,3,1,1500,1500,False,3,1,ecb03b6cbbd04db2860768bcb7adee2c,2021-12-21_09-41-48,1640076108,36.3539981842041,36.3539981842041,16212,DESKTOP-DC3PIC0,172.22.22.53,36.3539981842041,0,1,b35d5_00000,"[0.0, 0.0, 0.0]","[440, 461, 496]",2.28012473800832,8.032187392598862,0.11563936445730515,12.253189309289818,0.0,18.0,14222.5,130.501,1961.674,2.501,1500,1500,256,256,1500,1,30.467346938775513,58.00204081632653,0.9900000000000001,0.64501953125,"[-1.3693982e+07 -5.2723500e+04  2.0886625e+04  2.0886625e+04
  2.0886625e+04 -5.2723500e+04 -5.2723500e+04  2.1628500e+04
  2.0886625e+04  2.1630000e+04  2.0886625e+04  2.1628500e+04
 -1.8279750e+04  2.0886625e+04  2.9050250e+04  2.1282250e+04
  1.9671250e+04  2.1630000e+04  2.1643500e+04  2.1630000e+04
  2.0886625e+04 -5.2723500e+04  2.1670500e+04  1.4138000e+04
  2.0886625e+04  9.5240125e+04  2.8893750e+04 -5.2723500e+04
 -5.2723500e+04  2.0886625e+04  2.0886625e+04  9.5240125e+04
  2.0886625e+04  2.0886625e+04 -5.2723500e+04  2.1555250e+04
  2.1773250e+04  2.1574500e+04  2.9050250e+04  2.1643500e+04
  2.1630000e+04  9.5240125e+04  9.5240125e+04  2.1628500e+04
  2.0886625e+04  2.0886625e+04  2.0886625e+04  2.8492500e+04
  2.1282250e+04  9.5240125e+04  1.2813000e+04 -5.2571500e+04
  2.0886625e+04  9.5240125e+04  2.0886625e+04  2.1310250e+04
  2.0886625e+04  1.4290000e+04  9.5240125e+04  8.7741125e+04
  2.0886625e+04  9.5240125e+04  2.9050250e+04  2.1627250e+04
  9.6958125e+04 -1.8275750e+04  2.0886625e+04 -2.1061750e+04
 -5.2723500e+04  2.0886625e+04 -4.5306250e+04  4.6036900e+05
  4.8574750e+04  2.1574500e+04 -1.4862250e+04  2.1630000e+04
  2.1548750e+04  2.9746750e+04  2.1628500e+04  2.1630000e+04
  2.1630000e+04  5.7791750e+04  2.0886625e+04  2.1555250e+04
 -5.2726250e+04  8.7741125e+04  8.7741125e+04  2.0886625e+04
 -1.3009500e+04  9.5240125e+04  2.1643500e+04  2.1574500e+04
  2.1630000e+04  9.5086625e+04  9.6958125e+04  9.5240125e+04
  2.0886625e+04  2.0886625e+04  2.0886625e+04  2.0886625e+04
  2.0886625e+04  2.0886625e+04  2.1785000e+04  2.1282250e+04
 -5.2723500e+04  2.0886625e+04 -4.5299500e+04  2.1630000e+04
  9.5240125e+04  2.0886625e+04  2.1282250e+04  2.0886625e+04
  2.1643500e+04  2.1574500e+04 -4.5306250e+04  2.1785000e+04
  2.1282250e+04  2.1628500e+04  6.0448625e+04  2.0886625e+04
  9.5240125e+04  2.0152000e+04  2.0886625e+04  1.4135250e+04
  2.1574500e+04  2.0886625e+04  2.1643500e+04  2.1645500e+04
  8.7741125e+04  2.1630000e+04  5.6073750e+04  1.3439250e+04
  2.1643500e+04  2.0886625e+04  2.1630250e+04  2.0886625e+04
  8.7748125e+04  2.0886625e+04  9.5240125e+04  2.9047250e+04
  2.9047250e+04  2.0886625e+04  2.1310250e+04  2.1282250e+04
  3.9703625e+04  9.5240125e+04  9.5240125e+04  9.5240125e+04
  9.5240125e+04  2.0886625e+04  2.0886625e+04 -5.2723500e+04
  2.1628500e+04  2.1628500e+04  2.0886625e+04  2.1633000e+04
  2.0886625e+04  2.0886625e+04 -5.2723500e+04  2.0886625e+04
  9.5086625e+04  9.5240125e+04  6.0465375e+04  2.9753250e+04
  2.1555250e+04  8.7741125e+04  2.1628500e+04  2.1628500e+04
  2.1643500e+04  2.0886625e+04 -1.8279750e+04  2.1574500e+04
 -5.2723500e+04 -1.8275750e+04 -5.7375000e+03  2.1633000e+04
  2.1628500e+04  2.1628500e+04  2.0886625e+04  2.1627250e+04
  2.1565500e+04  2.0886625e+04  2.1574500e+04  2.1282250e+04
  2.1630000e+04  2.0886625e+04 -5.2723500e+04  2.1782000e+04
  2.0886625e+04  2.0886625e+04  2.0886625e+04  2.1782000e+04
  2.1630000e+04  5.6073750e+04  2.1645500e+04  2.0886625e+04
  2.0777750e+04  2.0886625e+04  2.0886625e+04  2.0886625e+04
  2.1628500e+04 -5.2723500e+04  2.0886625e+04  5.6073750e+04
  2.0886625e+04  4.1877375e+04  1.8591500e+05  2.0886625e+04
  1.4138000e+04  2.0886625e+04  2.1630000e+04  1.4138000e+04
  2.1574250e+04  2.0886625e+04  2.1278250e+04  2.0886625e+04
  2.0886625e+04  2.8902750e+04  2.0886625e+04 -5.2571500e+04
  9.5240125e+04  2.0886625e+04 -5.2723500e+04  9.5240125e+04
  2.0886625e+04  8.7748125e+04  2.1555250e+04  2.1282250e+04
  2.1282250e+04  2.1555250e+04  2.1630000e+04  2.1643500e+04
  1.4290000e+04 -1.8279750e+04  2.1555250e+04  2.0886625e+04
  2.0886625e+04  2.0886625e+04  2.1648500e+04  2.8492500e+04
  2.1643500e+04  2.0886625e+04  2.0886625e+04  2.0886625e+04
 -1.8279750e+04  2.1555250e+04  2.0886625e+04 -5.5113250e+04
  9.5240125e+04 -5.2723500e+04  9.5240125e+04  2.1628500e+04
  2.1476500e+04  2.0886625e+04  2.0886625e+04  8.7741125e+04]",,2131321.8,2603081.5,2088659.0
0.0,0.0,0.0,292.375,5,1,2500,2500,False,8,2,ecb03b6cbbd04db2860768bcb7adee2c,2021-12-21_09-42-51,1640076171,62.82799983024597,99.18199801445007,16212,DESKTOP-DC3PIC0,172.22.22.53,99.18199801445007,0,2,b35d5_00000,"[0.0, 0.0, 0.0, 0.0, 0.0, 0.0, 0.0, 0.0]","[440, 461, 496, 238, 178, 177, 177, 172]",3.0432988615355097,7.709719608619624,0.11285994047527309,12.096632923499037,0.0,2.1,121914.982,13.65,18754.628,2.5,2500,2500,256256,256256,2500,1001,32.08433734939759,58.1867469879518,0.9899999999999999,0.6411353421498494,"[ -48514.     -3588.75   -3588.75   -3588.75   -3588.75   -3588.75
  -13282.25  -18820.75 2782107.     -3588.75 1541501.5    -3588.75
    4260.75   -3588.75  -44875.25   -3588.75   -3588.75  -12910.25
  -19481.5   -12910.25   -3588.75  -20149.    -44875.25  -48514.
   28004.25  -20149.    -19481.5   -18820.75  -13282.25  -19481.5
  -19481.5    15667.5   -16980.75  -18820.75   -3588.75  -18820.75
   28004.25  -18820.75   -3588.75   -3565.25   -3588.75   -3588.75
   -3588.75   15667.5    26164.25   26164.25   -3588.75  -48514.
  -20149.    -18820.75  -12910.25  253549.25   -3588.75  -18820.75
  253549.25   -3588.75  -18820.75   -3588.75  -19496.75  -13282.25
    7610.75   26164.25   25443.75 2753742.    -18820.75  -18820.75
   -3588.75  -19481.5     8307.     -3588.75   -3565.25  -18820.75
   15667.5   -20208.75  -19481.5   -19481.5    -3588.75  -16921.
   -3588.75   -3565.25  -18820.75 -129068.5    24776.25  -16921.
  -15842.75  -18820.75   -3588.75 2782107.    -15842.75  -18820.75
   -3588.75   -3588.75  -20208.75 2782107.    -19481.5    25488.25
  -12910.25  -20149.    -15842.75  -44875.25   -3588.75   15667.5
  357730.     15667.5   -48514.    -19481.5    -3588.75  -18820.75
   24776.25  -18820.75   -3588.75  -18820.75   26164.25   -3588.75
  -18820.75  -13282.25  -13282.25   -3588.75   -3588.75  -16980.75
   -3588.75   15667.5    25443.75  -48573.75  -15842.75  -18820.75
  -12910.25 2753742.     -3588.75  -19481.5  1541501.5    -3588.75
  -16980.75  -48514.    -19481.5   -48573.75  357730.     -3565.25
  -13282.25  -48514.    -12910.25  -18820.75   25443.75  -16980.75
   25488.25  -48514.    -12910.25  -44875.25  -11183.75   -3565.25
  -11183.75  -20149.    -16921.     -3588.75   -3588.75   -3588.75
   -3588.75  -18820.75  -27561.25   28004.25   -3565.25   -3588.75
  -18820.75   -3588.75  -12910.25   -3588.75   25488.25  -18820.75
  -15842.75   25443.75   25488.25   -3588.75 1541501.5    15667.5
  -18820.75   -3588.75  -27561.25 2753742.     -3588.75   -3588.75
  -13282.25  -24792.75  -18820.75  -19481.5   -18820.75  -20149.
  -13282.25  -18820.75   -3588.75  -20149.    -12910.25  -18820.75
  -24816.25  -48514.     -3588.75   -3588.75  -19481.5    -3588.75
   -3588.75   -3588.75 2753742.   2753742.     -3588.75   26164.25
   -3588.75   32079.     -3588.75  -24792.75   -3588.75    6776.75
   25443.75  -16921.    -24816.25 2753742.     -3588.75   25488.25
  -18820.75   25488.25   -3588.75   -3588.75 1541501.5    25488.25
   -3588.75   -3588.75  -13282.25   -3588.75   24776.25  -18820.75
   26164.25  -16980.75  -48573.75  -18820.75  -16980.75  -13282.25
   -3588.75  253549.25  -18820.75   -3588.75  -18820.75   25443.75
    6865.     -3588.75  -11183.75   15667.5    -3588.75   -3588.75
  -48514.    -13282.25 2753742.    -18820.75  -48514.    -16921.
  -17655.5   -48514.    -15842.75   -3588.75]",,2777660.8,3153692.0,2668138.0
0.0,0.0,0.0,239.0,6,1,3500,3500,False,14,3,ecb03b6cbbd04db2860768bcb7adee2c,2021-12-21_09-43-57,1640076237,65.42049956321716,164.60249757766724,16212,DESKTOP-DC3PIC0,172.22.22.53,164.60249757766724,0,3,b35d5_00000,"[0.0, 0.0, 0.0, 0.0, 0.0, 0.0, 0.0, 0.0, 0.0, 0.0, 0.0, 0.0, 0.0, 0.0]","[440, 461, 496, 238, 178, 177, 177, 172, 165, 165, 178, 164, 166, 169]",3.591581490807959,7.537681963300426,0.11286129708507338,12.014437163765052,0.0,2.4,106661.682,12.0,21333.438,2.55,3500,3500,512256,512256,3500,2001,31.221839080459773,57.89310344827588,0.9899999999999997,0.6392822265625,"[ 556143.5   569522.25  569522.25  556143.5   569522.25  530691.5
  594974.25  556143.5   603524.25  572496.25  564132.25  595535.5
  569522.25  530691.5   603524.25  559100.25  556143.5   556143.5
  569522.25  569522.25  556143.5   556143.5   556143.5   569522.25
  601617.    569522.25  556143.5   569522.25  569522.25  556143.5
  595535.5   569522.25  533699.    569522.25  530691.5   569522.25
  569522.25  569522.25  569522.25  594974.25  569522.25  556143.5
  569522.25  569522.25  569522.25  556143.5   569522.25  530691.5
  569522.25  572529.75  569522.25  594974.25  581544.75  564132.25
  564132.25  569522.25  564132.25  594974.25  556143.5   556143.5
  556092.75  564132.25  569522.25  556143.5   569522.25  569522.25
  603524.25  556143.5   569522.25  569522.25  604362.25  569522.25
  561224.    530691.5   556092.75  530691.5   556143.5   556143.5
  620936.75  556143.5   556143.5   530691.5   556143.5   595535.5
  556143.5   556092.75  556143.5   556143.5  5502061.    569522.25
  569522.25  552552.    556143.5   556143.5   569522.25  603524.25
  569522.25  569522.25  594974.25  569522.25  530691.5   569522.25
  556143.5   569522.25  569522.25  569522.25  556143.5   569522.25
  569522.25  552552.    533699.    569522.25  556172.75  569522.25
  538680.25  533699.    556143.5   569522.25  569522.25  569522.25
  569522.25  556143.5   569522.25  569522.25  634366.25  595535.5
  541687.75  569522.25  569522.25  556143.5   569522.25  530691.5
  569522.25  569522.25  569522.25  569522.25  569522.25  556143.5
  556143.5   569522.25  569522.25  569522.25  556143.5   595535.5
  603561.25  634366.25  569522.25  572496.25  569522.25  556143.5
  569522.25  556092.75  556143.5   574217.75 2845797.    556143.5
  603524.25  556143.5   572496.25  594974.25  594974.25  569522.25
 2845797.    556143.5   530691.5   569522.25  556143.5   556143.5
  569522.25  595535.5   530691.5   569522.25  556143.5   634366.25
  604362.25  569522.25  558127.75  569522.25  620936.75  556143.5
  564132.25  569522.25  569522.25  603524.25  569522.25  556143.5
  530691.5   569522.25  572496.25  569522.25  569522.25  556143.5
  569522.25  569522.25  569522.25  572496.25  564132.25  569522.25
  569522.25  594974.25  556143.5   569522.25  569522.25  569522.25
  569522.25  569522.25  569522.25  594974.25  556143.5   601651.
  594974.25  556143.5   556143.5   594974.25  595535.5   569522.25
  569522.25  594974.25  556143.5   556143.5   556143.5   572529.75
  595535.5   594974.25  569522.25  556143.5   556143.5   538680.25
  569522.25  556143.5   569522.25  569522.25  569522.25  564132.25
  556143.5   572496.25  559100.25  564132.25  569522.25  569522.25
  569522.25  556143.5   556143.5  5502061.    530691.5   556143.5
  569522.25  569522.25  569522.25  595535.5   556143.5   595535.5
  569522.25  569522.25  569522.25  569522.25]",,2862149.0,2919652.5,2812640.5
0.0,0.0,0.0,220.73684210526315,5,1,4500,4500,False,19,4,ecb03b6cbbd04db2860768bcb7adee2c,2021-12-21_09-45-01,1640076301,64.37149786949158,228.9739954471588,16212,DESKTOP-DC3PIC0,172.22.22.53,228.9739954471588,0,4,b35d5_00000,"[0.0, 0.0, 0.0, 0.0, 0.0, 0.0, 0.0, 0.0, 0.0, 0.0, 0.0, 0.0, 0.0, 0.0, 0.0, 0.0, 0.0, 0.0, 0.0]","[440, 461, 496, 238, 178, 177, 177, 172, 165, 165, 178, 164, 166, 169, 168, 168, 165, 175, 172]",3.8451695883456476,7.451620386759327,0.11228783921164069,11.970558048215578,0.0,2.6,98478.61,12.201,20982.257,2.5,4500,4500,768256,768256,4500,3001,33.1360465116279,52.91046511627904,0.9899999999999997,0.6393191315406976,"[ 460694.25  460694.25  482884.5   447828.5   452527.    460778.75
  447828.5   452527.    460694.25  482884.5   452527.    452527.
  460694.25  447828.5   447828.5   452527.    460778.75  447828.5
  470743.25  447828.5   447828.5   444507.75  460778.75  447736.5
  460694.25  460778.75  504001.75  494648.75  460778.75  460778.75
  427135.75  447828.5   447828.5   460694.25  444507.75  447808.75
  425638.25  460778.75  452527.    452527.    460778.75  452527.
  460778.75  460778.75  460778.75  452527.    452527.    463525.5
  487583.    460778.75  431438.75  452527.    452527.    482884.5
  484599.75  499570.5   452527.    482884.5   460694.25  460778.75
  452527.    509342.25  509342.25  428449.75  460778.75  460694.25
  447828.5   425638.25  460778.75  452527.    447828.5   460778.75
  447736.5   452527.    460694.25  487583.    460778.75  447828.5
  452527.    431513.5   460694.25  494648.75  425722.75 2704301.5
  482884.5   487583.    487583.   2669245.5   460694.25  447828.5
  506790.    460778.75  452527.    482884.5   460778.75  425638.25
  447828.5   431438.75  460778.75  460778.75  452527.    452527.
  494648.75  447828.5   447828.5   425638.25  447828.5   447828.5
  460694.25  460694.25  460694.25  343809.75  470408.25  460694.25
  460778.75  460778.75  460778.75  447828.5   460694.25  509342.25
  460778.75  463525.5   460778.75  452527.    447828.5   494648.75
  460778.75  447828.5   460778.75  412680.5   425638.25  452527.
  447828.5   425638.25  343809.75  460778.75  460778.75  452527.
  471677.25  460694.25  452527.    487583.    491036.25  487583.
  460778.75  452527.    460694.25  460694.25  460778.75  425722.75
  460778.75  447828.5   452527.    428377.5   452527.    431438.75
  431438.75  509342.25  452527.    460778.75  460778.75  460778.75
  460694.25  431438.75  482884.5   460778.75  506790.    447828.5
  460694.25  447828.5   487583.    435687.25  460694.25  441335.25
  425638.25  452527.    452527.    447828.5   460778.75  460778.75
  444423.25  460694.25  431438.75  428449.75  452527.    460778.75
  452527.    447828.5   460778.75  460778.75  460778.75  460694.25
  460778.75  452527.    460694.25  460778.75  504001.75  460694.25
  425638.25  460778.75  460694.25  447808.75  441335.25  482884.5
  460778.75  447828.5   460778.75  460778.75  452527.    494648.75
  447828.5   556537.75  494648.75  506790.    447828.5   447828.5
  460694.25  452527.    447828.5   471642.    452527.    460778.75
  452527.    452527.    447828.5   441335.25  452527.    452527.
  425638.25  447828.5   447828.5   460694.25  452527.    447828.5
  460778.75  425638.25  476867.75  494648.75  447828.5   463525.5
  452527.    460778.75  452527.    431438.75  452527.    452527.
  460778.75  452527.    447808.75  431513.5   460778.75  452527.
  427135.75  460694.25  460778.75  494648.75]",,2690317.0,2790096.0,2642022.0
0.0,0.0,0.0,224.29166666666666,5,1,5500,5500,False,24,5,ecb03b6cbbd04db2860768bcb7adee2c,2021-12-21_09-46-05,1640076365,63.73299717903137,292.7069926261902,16212,DESKTOP-DC3PIC0,172.22.22.53,292.7069926261902,0,5,b35d5_00000,"[0.0, 0.0, 0.0, 0.0, 0.0, 0.0, 0.0, 0.0, 0.0, 0.0, 0.0, 0.0, 0.0, 0.0, 0.0, 0.0, 0.0, 0.0, 0.0, 0.0, 0.0, 0.0, 0.0, 0.0]","[440, 461, 496, 238, 178, 177, 177, 172, 165, 165, 178, 164, 166, 169, 168, 168, 165, 175, 172, 307, 179, 175, 363, 165]",4.023671189456383,7.3854492181080404,0.1117196907778719,11.922229568633504,0.0,2.2,116382.162,11.4,22455.185,2.4,5500,5500,1024256,1024256,5500,4001,32.05119047619048,51.01666666666669,0.9899999999999998,0.6401309058779762,"[ 740822.    747906.75  719842.5   767375.25  740822.    739135.25
  747842.25  747842.25  747906.75  746944.25  744759.25  740822.
  747906.75  740822.    747842.25  749589.75  740434.    770719.75
  747842.25  740822.    724126.25  740822.    740822.    724126.25
  747906.75  747842.25  747906.75  740822.    747906.75  769124.75
  718850.5   747906.75  740822.    740434.    719169.    747842.25
  740822.    739135.25  747906.75  769878.25  770719.75  747842.25
  767375.25  740822.    747842.25  747740.75  750040.    740822.
  747842.25 6338720.5   747906.75  769490.25  724126.25  767375.25
  740822.    748608.75  769490.25  722956.    770719.75  750040.
  740822.    747906.75  746064.5   740822.    746157.25  740822.
  740822.    747842.25  749136.25  747842.25  747906.75  740822.
  739135.25  747906.75  767629.5   769878.25  747906.75  724126.25
  747906.75  740822.    770719.75  740822.    769490.25  747906.75
  740822.    740822.    747842.25  699237.75  747906.75  740822.
  835087.    740822.    767375.25  747842.25  740822.    769490.25
  740822.    746157.25  740822.    747906.75  747842.25  724126.25
  718786.    748225.25  769124.75  769490.25  747842.25  750040.
  696819.5   740434.    740822.    750040.    740822.    718850.5
  727022.    740822.    740434.    739135.25  769490.25  740822.
  750040.    759423.75  769878.25  748225.25  747842.25  747906.75
  747842.25  747842.25  740434.    725875.75  740822.    740822.
  747842.25  747842.25  747906.75  740822.    718850.5   747842.25
  740822.    739135.25  747842.25  747842.25  740822.    769878.25
  740822.    725875.75  750045.    747842.25  747906.75  740822.
  740822.    740822.    740459.5   725875.75  747906.75  740822.
  747906.75  740822.    740822.    746157.25 2921664.5   719169.
  747906.75  740434.    740822.    747842.25  769490.25  740822.
  740822.    740434.    740822.    750736.    716658.5   747842.25
  747906.75  724126.25  769490.25  740822.    747906.75  747906.75
  769490.25  747740.75  740822.    769124.75  724126.25  740822.
  769490.25  747842.25  725875.75  747906.75  932770.25  769490.25
  769878.25  744759.25  769490.25  747906.75  724322.75  740822.
  747842.25  740434.    747842.25  740822.    740434.    769490.25
  771024.5   740434.    767375.25  747906.75  746157.25  787698.75
  740822.    716658.5   747842.25  740822.    747906.75  747906.75
  747842.25  740822.    718786.    747842.25 2921600.    716658.5
  740434.    747906.75  740822.    749589.75  750040.    747842.25
  747906.75  769878.25  769878.25  747906.75  769124.75  769490.25
  747842.25  747906.75  740822.    718850.5   740822.    750819.25
  740434.    740822.    740822.    750040.    747906.75  747842.25
  739135.25  740822.    718850.5   724126.25  747906.75  740434.
  747842.25  725875.75  747906.75  740822.  ]",,2930746.0,3116982.5,2894688.5
0.0,0.0,0.0,216.89285714285714,4,1,6500,6500,False,28,6,ecb03b6cbbd04db2860768bcb7adee2c,2021-12-21_09-47-08,1640076428,62.85149884223938,355.55849146842957,16212,DESKTOP-DC3PIC0,172.22.22.53,355.55849146842957,0,6,b35d5_00000,"[0.0, 0.0, 0.0, 0.0, 0.0, 0.0, 0.0, 0.0, 0.0, 0.0, 0.0, 0.0, 0.0, 0.0, 0.0, 0.0, 0.0, 0.0, 0.0, 0.0, 0.0, 0.0, 0.0, 0.0, 0.0, 0.0, 0.0, 0.0]","[440, 461, 496, 238, 178, 177, 177, 172, 165, 165, 178, 164, 166, 169, 168, 168, 165, 175, 172, 307, 179, 175, 363, 165, 171, 174, 176, 169]",4.112155280353449,7.343952730294039,0.1115312337204895,11.887204769963885,0.0,2.4,106647.91,11.7,21880.367,2.35,6500,6500,1280256,1280256,6500,5001,31.91785714285714,51.07619047619048,0.9899999999999998,0.6401803152901786,"[-600799.6  1384284.5  -658688.25 -600802.6  1384289.   -651128.5
 -655090.9  -638262.6  -600802.6  -672647.75 -652198.6  1384289.
 -651128.5  -651455.1  -658688.25 -600802.6  -600802.6  -622998.25
 -622344.5  -651455.1  -600807.1  -600802.6  -600802.6  -658688.25
 -600802.6  -600799.6  -658688.25 -600802.6  -651128.5  -651455.1
 -600802.6  -649650.5  -600799.6  -600802.6  -607872.1  -632013.6
 -651128.5  -651128.5  -661544.1  -651128.5  -638262.6  -651128.5
 -651128.5  -600807.1  -651128.5  -651455.1  -600799.6  -658688.25
 -621831.6  -633119.5  -600817.   -600802.6  -597784.5  -658688.25
 -622011.   -651455.1  -651623.25 -659048.6  -651618.75 -651608.75
 -651128.5  -651128.5  -651128.5  -777472.1  -600802.6  -659048.6
 -651455.1  -651455.1  -600278.6  -651623.25 -600799.6  -651455.1
 -600799.6  -651128.5  -625444.4  -651455.1  -651128.5  -651128.5
 -651128.5  1384289.   -600802.6  -600802.6  -651455.1  -600802.6
 -600802.6  -600802.6  -658688.25 -600802.6  -600799.6  -647809.1
 -632736.9  -658688.25 -600802.6  -600802.6  -600799.6  -600802.6
 -600802.6  -658688.25 -652198.6  -600802.6  -622330.   -651618.75
 -658688.25 -651455.1  -621831.6  -600802.6  -600802.6  -651128.5
 -600799.6  -600802.6  -651128.5  -615048.6  -660993.4  -651128.5
 -628486.   -631183.1  -622823.25 -628481.5  -629409.5  -651455.1
 -651128.5  -651128.5  -628495.4  -629409.5  -504168.12 -651128.5
 1384289.   -631197.6  -621800.6  -649650.5  -651623.25 -600799.6
 -651128.5  -600802.6  -600799.6  -600802.6  -600802.6  -651652.5
 -621808.1  -651128.5  -658688.25 -621802.6  -651969.1  -600799.6
 -600802.6  -659048.6  -651128.5  -658688.25 -639306.4  -665038.
 -600799.6  1384813.   -615253.   -651455.1  -651455.1  -600802.6
 -658688.25 -658688.25 -651128.5  -652198.6  -658688.25 -600802.6
 -617006.9  -651128.5  -621831.6  -622823.25 -600802.6  -607872.1
 -594260.4  -659048.6  -600792.6  -600799.6  -600802.6  -600799.6
 -651455.1  -651623.25 -615253.   -600802.6  -600802.6  -651128.5
 -652198.6  -600807.1  -621831.6  -600802.6  -600799.6  -600807.1
 -651128.5  -600799.6  -600802.6  -619972.6  -652198.6  -658688.25
 -649108.   -622330.   -600802.6  -651455.1  -651455.1  -628495.4
 -651128.5  -651455.1  -644037.25 -600802.6  -658688.25 -651608.75
 -622340.   -651128.5  -652595.9  1384289.   -651623.25 -607872.1
 -600278.6  -649496.4  -600802.6  -600792.6  -629409.5  -651623.25
 -651455.1  -600799.6  -667835.4  -658688.25 -600802.6  -655462.25
 -622823.25 -651455.1  -652198.6  -600799.6  -600802.6  -620762.4
 -607872.1  -658722.   -600278.6  -600799.6  -600807.1  -799394.25
 -665038.   -629409.5  -651128.5  -651455.1  -615253.   -659048.6
 -652198.6  -651455.1  -651128.5  -600799.6  -600799.6  -651618.75
 -675021.6  -643617.6  -600799.6  -600799.6  -600807.1  -651128.5
 -651455.1  -658688.25 1384289.   -658688.25]",,1380247.5,1511314.0,1307361.5
0.0,0.0,0.0,242.1,2,1,7500,7500,False,30,7,ecb03b6cbbd04db2860768bcb7adee2c,2021-12-21_09-48-10,1640076490,61.613502740859985,417.17199420928955,16212,DESKTOP-DC3PIC0,172.22.22.53,417.17199420928955,0,7,b35d5_00000,"[0.0, 0.0, 0.0, 0.0, 0.0, 0.0, 0.0, 0.0, 0.0, 0.0, 0.0, 0.0, 0.0, 0.0, 0.0, 0.0, 0.0, 0.0, 0.0, 0.0, 0.0, 0.0, 0.0, 0.0, 0.0, 0.0, 0.0, 0.0, 0.0, 0.0]","[440, 461, 496, 238, 178, 177, 177, 172, 165, 165, 178, 164, 166, 169, 168, 168, 165, 175, 172, 307, 179, 175, 363, 165, 171, 174, 176, 169, 547, 643]",4.126466731554245,7.326087146432182,0.11151915324446453,11.873513889165412,0.0,1.849,138429.444,11.25,22755.179,2.35,7500,7500,1536256,1536256,7500,6001,32.3320987654321,51.02716049382717,0.99,0.6404969015239198,"[ 564578.6   452277.62  564581.6   508312.12  527002.9   503442.12
  508312.12  508314.12  508312.12  435295.12  452277.62  521257.
  516718.25  469917.12  516718.25  495120.88  508314.12  503445.12
  447175.62  508314.12  447175.62  508314.12  508314.12  508093.75
  503445.12  508314.12  503442.12  503457.12  508314.12  447175.62
  508314.12 2445555.5   508312.12  508312.12  447175.62  503442.12
  503445.12  516714.75  484515.75  508314.12  508314.12  503445.12
  503442.12  508314.12  508314.12  538118.1   508314.12  508312.12
  513414.12  558098.9   508314.12  564581.6   528595.25  516718.25
  486399.5   503445.12  508314.12  508314.12  508314.12  483747.25
  516714.75  508314.12  503445.12  503452.    508314.12  503445.12
  503442.12  516378.    452390.    523072.5   452277.62  528595.25
  508314.12  508314.12  508314.12  479043.    503445.12  508312.12
  508312.12  508314.12  503445.12  480037.62  508312.12  503445.12
  526398.    503611.5   508314.12  508312.12  503445.12  508314.12
  452277.62  490017.88  497468.38  503442.12  503446.12  508314.12
  496431.62  508314.12  508314.12  503457.12  503694.25  503445.12
  508314.12  508314.12  503457.12  508312.12  503445.12  528595.25
  495120.88  508312.12  527043.4   503452.    503611.5   521333.75
  584861.75  452277.62  373805.5   508312.12  503445.12  520962.5
  508314.12  513414.12  508314.12  516714.75  509687.    508312.12
  508312.12  483747.25  508314.12  508314.12  503452.    521257.
  516714.75  508314.12  503442.12  508312.12  503446.12  523072.5
  508314.12  503445.12  503446.12  508312.12  546288.4   508312.12
  503452.    503132.62  495120.88  516714.75  508312.12  508312.12
  527771.4   508312.12  508312.12  508314.12  508312.12  503445.12
  508312.12  475901.88  503445.12  509687.    508312.12  546288.4
  564578.6   508312.12  503445.12  508312.12  503446.12  503457.12
  516718.25  508314.12  503445.12  508314.12  447289.    503446.12
  508314.12  523072.5   508312.12  509687.    447175.62  564578.6
  516714.75  508314.12  513414.12  490017.88  508314.12  508314.12
  503442.12  469917.12  503442.12  523948.25  503442.12  503442.12
  508314.12  503442.12  533231.9   503445.12  508312.12  508312.12
  503445.12  503445.12  447175.62  503445.12  564578.6   508314.12
  564578.6   527771.4   518314.25  564581.6   503452.    503445.12
  503457.12  508314.12  447175.62  501957.12  503637.75  495386.12
  508314.12  503446.12  503457.12  508093.75  546284.4   503446.12
  503445.12  503446.12  503445.12  503445.12  513414.12  503445.12
  503611.5   508314.12  435295.12  495120.88  497468.38  452277.62
  521257.    508312.12  503452.    503445.12  503446.12  508312.12
  509353.38  503457.12  447175.62  523072.5   508314.12  488322.88
  508314.12  508314.12  508314.12  503445.12  508314.12  503622.5
  503442.12  564578.6   508314.12  503445.12]",,2464960.5,2551201.5,2383159.5
0.0,0.0,0.0,262.0625,2,1,8500,8500,False,32,8,ecb03b6cbbd04db2860768bcb7adee2c,2021-12-21_09-49-11,1640076551,61.05849742889404,478.2304916381836,16212,DESKTOP-DC3PIC0,172.22.22.53,478.2304916381836,0,8,b35d5_00000,"[0.0, 0.0, 0.0, 0.0, 0.0, 0.0, 0.0, 0.0, 0.0, 0.0, 0.0, 0.0, 0.0, 0.0, 0.0, 0.0, 0.0, 0.0, 0.0, 0.0, 0.0, 0.0, 0.0, 0.0, 0.0, 0.0, 0.0, 0.0, 0.0, 0.0, 0.0, 0.0]","[440, 461, 496, 238, 178, 177, 177, 172, 165, 165, 178, 164, 166, 169, 168, 168, 165, 175, 172, 307, 179, 175, 363, 165, 171, 174, 176, 169, 547, 643, 290, 833]",4.123926436845956,7.309186331915591,0.11142899744226906,11.86168942788169,0.0,2.25,113782.408,12.001,21331.786,2.499,8500,8500,1792256,1792256,8500,7001,31.820987654320987,51.08641975308643,0.99,0.6405029296875,"[ 283129.62  302917.38  299091.    329797.25  306012.38  339464.75
  338323.25  333711.25  322927.    322923.5   329794.38  322927.
  337328.25  333711.25  283129.62  337978.25  340359.38  283129.62
  322927.    329431.75  266653.75  333711.25  333474.38  283126.75
  339461.88  299091.    283129.62  299095.5   333474.38  283129.62
  333711.25  322936.88  333474.38  283126.75  283126.75  339279.25
  283129.62  339464.75 2189196.5   265667.25  287762.88  329794.38
  328427.25  283129.62  333541.75  333474.38  283126.75  303627.38
  333474.38  333711.25  337112.25  329794.38  283126.75  333701.38
  341764.25  333474.38  296707.12  283129.62  333474.38  283129.62
  317100.38  329136.25  333711.25  329794.38  283129.62  283129.62
  333711.25  283129.62  333474.38  322669.88  333474.38  313100.38
  283129.62  333711.25  279624.5   266653.75  323694.75  332662.5
  299099.88  286806.75  379814.38  310669.12  322935.    333711.25
  333711.25  333474.38  283129.62  283126.75 2193110.5   287040.75
  283129.62  333474.38  314905.5   329797.25  358131.25  283129.62
  333474.38  283129.62  283129.62  283129.62  322935.    333474.38
  333711.25  333474.38  322933.    292794.25  336784.5   333474.38
  333711.25  299284.    333474.38  333474.38  341757.88  283129.62
  333474.38  313321.38  338316.38  333474.38  339536.    283129.62
  283129.62  335480.25  338323.25  333711.25  339464.75  287040.75
  333474.38  283129.62  335531.75  322934.38  283129.62  333711.25
  339464.75  299091.    329007.5   283129.62  283129.62  283129.62
  333711.25  322933.    292556.25  287040.75  339464.75  333711.25
  283129.62  329136.25  287040.75  295401.5   322931.    283126.75
  333474.38  329794.38  339464.75  333474.38  600885.9   287043.62
  283126.75  283129.62  328053.25  283129.62  322935.    299806.
  333474.38  333474.38  301938.75  299091.    333474.38  283129.62
  283188.75  338316.38  322927.    339951.38  322931.    266653.75
  283129.62  333474.38  322932.38  322933.    303454.38  313472.5
  283126.75  339464.75  283126.75  333711.25  333711.25  333711.25
  337977.75  345291.38 2198864.    266003.75  329794.38  339464.75
  283129.62  313874.38  283129.62  333711.25  333474.38  333711.25
  339273.38  333711.25  301920.75  283129.62  283129.62  283126.75
  329794.38  337044.88  333711.25  333474.38  283126.75  329797.25
  337046.38  333474.38  333711.25  322923.5   283129.62  286806.75
  337977.75  333711.25  345760.75  317100.38  339464.75  329849.75
  338323.25  328053.25  339452.75  283129.62  333474.38  283129.62
  283126.75  333711.25  333711.25  299852.88  283126.75  313100.38
  336855.25  283129.62  322932.38  283129.62  333474.38  267001.62
  333711.25  283129.62 2189196.5   283126.75  338844.75  283129.62
  333711.25  333474.38  283129.62  333711.25  283126.75  283126.75
  333474.38  333711.25  311054.5   283126.75]",,2189574.2,2392233.0,2123021.0
0.0,0.0,0.0,277.7352941176471,2,1,9500,9500,False,34,9,ecb03b6cbbd04db2860768bcb7adee2c,2021-12-21_09-50-14,1640076614,62.83049941062927,541.0609910488129,16212,DESKTOP-DC3PIC0,172.22.22.53,541.0609910488129,0,9,b35d5_00000,"[0.0, 0.0, 0.0, 0.0, 0.0, 0.0, 0.0, 0.0, 0.0, 0.0, 0.0, 0.0, 0.0, 0.0, 0.0, 0.0, 0.0, 0.0, 0.0, 0.0, 0.0, 0.0, 0.0, 0.0, 0.0, 0.0, 0.0, 0.0, 0.0, 0.0, 0.0, 0.0, 0.0, 0.0]","[440, 461, 496, 238, 178, 177, 177, 172, 165, 165, 178, 164, 166, 169, 168, 168, 165, 175, 172, 307, 179, 175, 363, 165, 171, 174, 176, 169, 547, 643, 290, 833, 652, 405]",4.110529542345334,7.2930059374023175,0.11137390460583466,11.85111808656574,0.0,2.6,98478.61,12.05,21244.335,2.85,9500,9500,2048256,2048256,9500,8001,31.816666666666666,51.13571428571428,0.9899999999999998,0.6406017485119048,"[ 708410.6   742055.25  730037.75  742055.25  742225.    742055.25
  759663.6   759287.1   727782.75  741327.    760206.25  752019.4
  742055.25  726563.1   742055.25  757731.5   740755.4   742055.25
  742010.75  728566.9   735170.9   742055.25  742010.75  759272.6
  760210.25  742010.75  728794.25  742010.75  742225.    725867.6
  754006.9   757726.5   760105.75  742055.25  742010.75  726563.1
  738415.9   726565.6   757731.5   742055.25  757731.5   742055.25
  766302.9   738071.    742010.75  709899.6   766293.    728566.9
 2553086.5   725865.1   742047.25  742055.25  742225.    725867.6
  742047.25  751333.4   742010.75  744159.5   727783.75  742055.25
  728566.9   727783.75  746009.6   742225.    725867.6   757731.5
  741050.75  742055.25  723043.25  720206.    768951.4   768775.5
  726565.6   757728.    742225.    728566.9   742055.25  726563.1
  742047.25  760210.25  742010.75  716102.75  742055.25  746652.6
  727079.9  2553086.5   719896.4   717188.9   720204.    761673.6
  761675.6   726563.1   742055.25  709717.9   766294.    742010.75
  708884.4   742055.25  761675.6   760210.25  723043.25  750130.25
  730038.75  742010.75  742010.75  742010.75  742225.    727782.75
  742055.25  767787.4   727783.75  707712.6   760206.25  728566.9
  720206.    759272.6   707712.6   742010.75  742055.25  742010.75
  725865.1   738069.    738107.5   747456.6   742055.25  742908.5
  742010.75  757717.5   746652.6   760210.25  742047.25  726563.1
  726563.1   726565.6   742010.75  740570.25  723043.25  729871.6
  726565.6   757731.5   760210.25  742010.75  760210.25  742055.25
  708884.4   728566.9   742055.25  728566.9   760377.5   732112.9
  742035.75  708884.4   726563.1   742013.1   742055.25  726563.1
  742010.75  726563.1   742047.25  726563.1   740827.6   757731.5
  742010.75  728566.9   742225.    725865.1   725867.6   726565.6
  742225.    708884.4   760210.25  741050.75  741447.4   760207.75
  728566.9   725867.6   742055.25  726563.1   742010.75  742055.25
  726563.1   745213.6   729601.4   742055.25  759272.6   742055.25
  742055.25  738061.75  757731.5   742055.25  727783.75  746009.6
  742010.75  727868.4   709584.25  720204.    723060.   2571241.5
  738415.9   738071.    757731.5   742055.25  725867.6   708884.4
  742015.1   757721.    738415.9   756266.5   757721.    747455.6
  742010.75  726563.1   738415.9   742055.25  727783.75  760210.25
  807417.4   742055.25  708884.4   707712.6   742055.25  760362.1
  742010.75  740350.9   727782.75  729780.6  2553042.    742055.25
  760210.25  742055.25  709627.75  738061.75  709584.25  727083.9
  742010.75  742055.25  727079.9   741050.75  742010.75  742225.
  728566.9   746993.75  723038.25  757726.5   729780.6   742055.25
  742055.25  759276.6   742010.75  742055.25  740827.6   729780.6
  742010.75  742010.75  738024.25  759663.6 ]",,2562989.0,2639626.5,2515846.5
0.0,0.0,0.0,287.85714285714283,1,1,10500,10500,False,35,10,ecb03b6cbbd04db2860768bcb7adee2c,2021-12-21_09-51-15,1640076675,61.01450037956238,602.0754914283752,16212,DESKTOP-DC3PIC0,172.22.22.53,602.0754914283752,0,10,b35d5_00000,"[0.0, 0.0, 0.0, 0.0, 0.0, 0.0, 0.0, 0.0, 0.0, 0.0, 0.0, 0.0, 0.0, 0.0, 0.0, 0.0, 0.0, 0.0, 0.0, 0.0, 0.0, 0.0, 0.0, 0.0, 0.0, 0.0, 0.0, 0.0, 0.0, 0.0, 0.0, 0.0, 0.0, 0.0, 0.0]","[440, 461, 496, 238, 178, 177, 177, 172, 165, 165, 178, 164, 166, 169, 168, 168, 165, 175, 172, 307, 179, 175, 363, 165, 171, 174, 176, 169, 547, 643, 290, 833, 652, 405, 632]",4.097204139884747,7.285162573767889,0.11137333357237235,11.846176483152673,0.0,2.449,104524.835,11.9,21511.966,2.3,10500,10500,2304256,2304256,10500,9001,32.55625,51.21875,0.99,0.64195556640625,"[ 306782.88  579479.9   593386.    590109.4   579401.4   579903.9
  579413.75  579401.4   579742.25  579742.25  595811.5   626316.9
  592808.75  596136.75  579479.9   600516.75  579904.4  2309293.5
  579401.4   592885.5   592885.5   574274.5   634148.75  592815.75
  621895.75  592885.5   592887.5   579401.4   574173.9   592815.75
  592815.75  579742.25  593148.4   587698.75  538875.4   592885.5
  592880.6   592808.75  579814.25  592815.75  579780.25  563950.1
  600513.75  580191.1   580302.25  579401.4   579947.4   549404.4
  580221.25  582248.9   628917.4   579479.9   598248.9   573199.4
  592815.75  579479.9   625820.9  2309391.    592818.75  592885.5
  579903.9   580190.1   635104.    579401.4   579401.4   587698.75
  595419.25  592885.5   592815.75  592885.5   634148.25  582248.9
  579401.4   429261.25 2355732.    595226.4   600271.4   579479.9
  579972.9   626313.9   579742.25  579742.25  579479.9   579401.4
  596139.75  572093.75  592885.5   518235.62  580497.25  579401.4
  570734.75  628917.4   576397.    595491.    618370.75  593381.5
  580355.25  579904.4   592885.5   592815.75  592885.5   593384.5
  580362.25  579742.25  579479.9   571899.75  579947.4   579814.25
  579479.9  2346076.5   579903.9   595811.5   579479.9  2309391.
  592808.75  579875.4   579479.9   625070.1   579479.9   625820.9
  592815.75  579479.9   628917.4   592880.6   572426.9   625826.75
  592815.75  592815.75  592885.5   617030.6   579479.9   579479.9
  592809.25  628917.4   579814.25  621040.5   601563.4   572524.75
  602801.75  621895.75  592805.9   546966.5   579866.9   593381.5
  599678.5   592888.1   595811.5   596136.75  610632.4   579479.9
  609633.6   580497.25  592885.5   592885.5   579742.25  590995.25
  592885.5   579875.4  2309391.    625821.9   568836.75  595811.5
  586160.9   579401.4   622260.5   602488.75  565015.6   579401.4
  579904.4  2355732.    580497.25  590221.    600271.4   539462.
  579479.9   546966.5   580362.25  592805.9   251749.    625388.
  592818.75  593386.    579401.4   615270.4   455300.88  580497.25
  592805.9   592815.75  579401.4   593310.1   592815.75  579742.25
  590715.5   596147.6   577880.25  566412.9   579401.4   579479.9
  621894.75  592815.75  579479.9   580362.25  582618.6   592885.5
  580497.25  579742.25  579742.25  598605.75  590703.    580353.25
  592815.75  592805.9   592815.75  592815.75  627089.75  592880.6
  546446.25  579401.4   600522.75  579479.9   494559.75  580728.25
  595985.    592885.5   579479.9   579401.4   625820.9   592885.5
  592880.6   579814.25  626316.9   587698.75  579875.4   592815.75
  600518.75  592815.75  595491.    579401.4   592885.5   579479.9
  592885.5   579401.4   592815.75  598062.25  579479.9   580221.25
  574593.5   634148.75  592815.75  592805.9   592815.75  579479.9
  587736.25  592810.25  592885.5   579479.9 ]",,2328799.8,2431584.0,2109804.0
0.0,0.0,0.0,290.1578947368421,3,1,11500,11500,False,38,11,ecb03b6cbbd04db2860768bcb7adee2c,2021-12-21_09-52-18,1640076738,62.922998666763306,664.9984900951385,16212,DESKTOP-DC3PIC0,172.22.22.53,664.9984900951385,0,11,b35d5_00000,"[0.0, 0.0, 0.0, 0.0, 0.0, 0.0, 0.0, 0.0, 0.0, 0.0, 0.0, 0.0, 0.0, 0.0, 0.0, 0.0, 0.0, 0.0, 0.0, 0.0, 0.0, 0.0, 0.0, 0.0, 0.0, 0.0, 0.0, 0.0, 0.0, 0.0, 0.0, 0.0, 0.0, 0.0, 0.0, 0.0, 0.0, 0.0]","[440, 461, 496, 238, 178, 177, 177, 172, 165, 165, 178, 164, 166, 169, 168, 168, 165, 175, 172, 307, 179, 175, 363, 165, 171, 174, 176, 169, 547, 643, 290, 833, 652, 405, 632, 601, 178, 172]",4.059108330108066,7.271054673707262,0.11135585838870839,11.833161925084273,0.0,2.151,119037.474,11.85,21603.116,2.4,11500,11500,2560256,2560256,11500,10001,31.56785714285714,51.221428571428554,0.9899999999999998,0.6405029296875,"[-232924.88 -258848.5  -232923.88 -236319.5  -232924.88 -278330.25
 -232924.88 -236325.5  -235367.   -232924.88 -236325.   -260092.88
 -232924.88 -232923.88 -214148.88 -236325.   -258848.5  -217539.75
 -214141.5  -232924.88 -232924.88 -272860.5  -260106.75 -236325.
 -232924.88 -232924.88 -236325.5  -232924.88 -232924.88 -190985.5
 -278892.   -258385.62 -232924.88 -225209.25 -236325.5  -236963.
 -254420.   -217098.88 -260092.88 -232924.88 -236325.5  -258849.5
 -260092.88 -236325.   -265561.   1430693.5  -258848.5  -231478.
 -210394.88 -262274.12 -210822.12 1408164.5  -232924.88 -232924.88
 -261025.   -260092.88 -232923.88 -236325.5  -270129.62 -236325.5
 -232924.88 -236325.   -254420.   -232924.88 -278330.25 -232924.88
 -264996.88 1430693.5  -232924.88 1430693.5  -236325.5  -232923.88
 -232923.88 -265426.5  -232923.88 -236325.5  -236723.38 -232924.88
 -260106.75 -236325.   -243895.38 -232924.88 -236957.   -210400.38
 -258388.12 -210400.38 -218709.25 -232924.88 1430693.5  -236325.
 -232923.88 -258849.5  -277902.5  -232924.88 -210394.88 -232924.88
 -236325.   -210394.88 -260092.88 -232923.88 -245176.62 -260092.88
 -240079.25 -236325.   -232924.88 -236325.5  -236325.   -255378.
 -236325.5  -232924.88 -274067.25 -236325.5  -236325.   -254420.
 -236325.5  -233139.12 -210960.12 -258854.5  -257444.25 -273101.5
 -232924.88 -258849.5  -272599.   -210400.38 -258387.62 -231472.
 -236325.5  -245252.25 -232924.88 -232924.88 -205656.75 -236325.
 -236325.5  -213095.5  -234801.12 -254420.   -264999.88 -236325.
 -231478.   -215587.   -258387.62 -232924.88 -232924.88 -254420.
 -232924.88 -247605.   -236325.5  -232924.88 -231478.   -232924.88
 -232923.88 -232924.88 -430144.25 -225585.5  -236325.   -262274.12
 -258849.5  -271810.5  -260106.75 -236325.   -214141.5  -287665.75
 -277245.12 -232923.88 -217520.38 -236325.   -236325.5  -210394.88
 -254421.5  -340473.5  -232924.88 -236325.5  -210394.88 -236325.5
 -232924.88 -213098.5  -258849.5  -232924.88 -248318.38 -232924.88
 -254414.5  -236325.5  -232924.88 -232923.88 -236325.   -232924.88
 1430693.5  -236325.5  -258848.5  -210400.38 -260092.88 -232924.88
 -243898.38 -217539.75 -232924.88 -232924.88 -261022.   -236325.5
 -257597.12 -260092.88 -236628.25 -225680.62 -254420.   -236325.5
 -236319.5  -232923.88 -232923.88 -215596.38 -254251.75 -236325.5
 -210394.88 -232924.88 -236325.5  -236325.5  -232924.88 -236319.5
 -232924.88 -214504.75 -232924.88 -236325.5  -232924.88 -260092.88
 -236325.5  -236325.5  -232924.88 -232923.88 -232924.88 -232924.88
 -252967.38 -232924.88 -236325.5  -214148.88 -301247.5  -258849.5
 -271810.5  -240050.38 -210400.38 -236325.5  -244387.   -236325.5
 -232924.88 -232924.88 -254421.5  -210394.88 -236325.   -278922.25
 -244004.5  -316685.75 -236325.   -236325.5  -260092.88 -264996.88
  102330.75 -236325.5  -209442.38 -232924.88]",,1418365.6,1777806.2,1341595.5
0.0,0.0,0.0,299.4634146341463,3,1,12500,12500,False,41,12,ecb03b6cbbd04db2860768bcb7adee2c,2021-12-21_09-53-22,1640076802,64.39299726486206,729.3914873600006,16212,DESKTOP-DC3PIC0,172.22.22.53,729.3914873600006,0,12,b35d5_00000,"[0.0, 0.0, 0.0, 0.0, 0.0, 0.0, 0.0, 0.0, 0.0, 0.0, 0.0, 0.0, 0.0, 0.0, 0.0, 0.0, 0.0, 0.0, 0.0, 0.0, 0.0, 0.0, 0.0, 0.0, 0.0, 0.0, 0.0, 0.0, 0.0, 0.0, 0.0, 0.0, 0.0, 0.0, 0.0, 0.0, 0.0, 0.0, 0.0, 0.0, 0.0]","[440, 461, 496, 238, 178, 177, 177, 172, 165, 165, 178, 164, 166, 169, 168, 168, 165, 175, 172, 307, 179, 175, 363, 165, 171, 174, 176, 169, 547, 643, 290, 833, 652, 405, 632, 601, 178, 172, 566, 484, 202]",4.024751631976164,7.2708306410281525,0.11134019925508071,11.822340501424927,0.0,2.3,111306.646,11.05,23166.651,2.45,12500,12500,2816256,2816256,12500,11001,32.063529411764705,50.88588235294117,0.9899999999999998,0.6405029296875,"[ 749999.75  762171.4   744772.4   777718.75 2377984.5   760552.
  744747.    760552.    762163.4   788390.9   788969.25  791343.75
  754867.4   744755.5   766180.    851399.6   762171.4   797382.5
  762171.4   755857.9   744755.5   744747.    756068.1   782856.75
  759326.75  744755.5  2377992.5   762171.4   766186.5   762163.4
  762147.9   744755.5   759326.75  776262.6   744747.    744747.
  762171.4   762171.4   797381.    743249.    754425.75  762171.4
  759326.75  755857.9   751061.    777253.    755648.4   762171.4
  762163.4   744747.   2377992.5   781274.4   744747.    762171.4
  762171.4   808156.75  766186.    750359.5   744747.    744755.5
  744755.5   772651.5   744755.5   772106.25  744747.    744747.
  752011.    744747.    777065.    744755.5   755857.9   762171.4
  759326.75  762163.4   766186.    762171.4   755857.9   772106.25
 2377992.5   762171.4   750823.5   744575.9   744747.    744747.
  729264.75  756309.4   781275.9   744747.    781274.4   772103.75
  744755.5   744747.    760552.    762171.4   762171.4   744747.
  762171.4   776390.5   744747.    762171.4   766156.    762163.4
  738144.1   762171.4   750359.5   751069.    744755.5   756189.1
  762163.4   761461.9   762171.4   744747.    755849.4   760552.
  762171.4   768641.1   756309.4   744747.    744755.5   752011.
  755857.9   750359.5   779115.    744747.    724316.25  766155.5
  756309.4   785197.75  759326.75  744921.25  738149.1  1064751.9
  755857.9   738939.5   775562.5   762171.4   744747.    744747.
  781274.4   762171.4   762171.4   755857.9   790022.1   727069.
  762171.4   744755.5   762171.4   755857.9   770691.4   395649.
  762171.4   762171.4   762163.4   766180.5   762171.4   762171.4
  762136.1   776389.5   744747.    755648.4   824046.25  755857.9
  768192.6   762171.4   744747.    762171.4   751069.    744747.
  737334.    762171.4   760701.5   776389.5   766180.5   744755.5
  744747.    744747.    781274.4   751069.    785197.75  762171.4
  744755.5   759326.75  750975.75  744747.    763539.    745484.
  751167.25  744747.    744755.5   762139.6   744755.5   757031.1
  785197.75  762171.4   778425.75  744747.    762171.4   755857.9
  755857.9   762171.4   762163.4   744747.    762171.4   762171.4
  744755.5   754847.    778420.25 2377992.5   766180.5   760552.
  824046.25  766155.5   762136.1   762166.9   744747.    724496.25
  762171.4  2377992.5   762163.4   755648.4   759326.75  762163.4
  776390.5   745916.25  744755.5   791343.75  743060.4   766180.5
  744747.    782855.75  799168.    744755.5   762171.4   762163.4
  762171.4   744755.5   772103.75  755849.4   762171.4   824046.25
  756309.4   755857.9   762171.4   766186.    762171.4   762171.4
  744755.5   755849.4   762171.4   755857.9   755857.9   751061.
  756243.25  762171.4   766156.    762171.4 ]",,2379208.2,2718288.5,2036385.4
0.0,0.0,0.0,301.52272727272725,3,1,13500,13500,False,44,13,ecb03b6cbbd04db2860768bcb7adee2c,2021-12-21_09-54-26,1640076866,64.18249869346619,793.5739860534668,16212,DESKTOP-DC3PIC0,172.22.22.53,793.5739860534668,0,13,b35d5_00000,"[0.0, 0.0, 0.0, 0.0, 0.0, 0.0, 0.0, 0.0, 0.0, 0.0, 0.0, 0.0, 0.0, 0.0, 0.0, 0.0, 0.0, 0.0, 0.0, 0.0, 0.0, 0.0, 0.0, 0.0, 0.0, 0.0, 0.0, 0.0, 0.0, 0.0, 0.0, 0.0, 0.0, 0.0, 0.0, 0.0, 0.0, 0.0, 0.0, 0.0, 0.0, 0.0, 0.0, 0.0]","[440, 461, 496, 238, 178, 177, 177, 172, 165, 165, 178, 164, 166, 169, 168, 168, 165, 175, 172, 307, 179, 175, 363, 165, 171, 174, 176, 169, 547, 643, 290, 833, 652, 405, 632, 601, 178, 172, 566, 484, 202, 550, 166, 273]",3.993587218057962,7.280051674797928,0.1113287961339939,11.813454058706851,0.0,2.05,124866.768,12.35,20728.246,2.6,13500,13500,3072256,3072256,13500,12001,31.77441860465116,50.45465116279069,0.9899999999999997,0.6403879564861918,"[ 537796.    596951.6   478064.75  536477.9   507174.    506852.
  504244.38  536872.1   523838.5   537796.    506847.    531665.
  516789.88  569713.    535015.6   543818.25 2143626.    550087.9
  537796.    506852.    506852.    543818.25  523838.5   507976.38
  523833.5   507170.5   550430.6   520809.5   537796.    537796.
  537796.    558852.5   506852.    537796.    535498.5   537796.
  537000.9   506852.    506852.    506852.    572698.    506852.
  536480.75  506849.    506847.    542757.9   514938.38  526379.25
  537796.    537796.    507170.5   506852.    542318.25  570363.6
  553960.9   506852.    569523.    520809.5   520809.5   537796.
  537796.    536786.5   506852.    506847.    506852.    537796.
  537796.    506852.    537796.    538056.    506852.    561711.
  585340.4   537796.    537796.    381456.12  506852.    535017.6
  537796.    506849.    537796.    506852.    549707.1   550430.6
  549707.1   542757.9   506852.    560163.1   536872.1   542390.75
  537796.    537796.    540205.75  520809.5   557021.4   518166.88
  539645.4   547897.5   523833.5   506852.    516096.88  520809.5
  506849.    569508.1   478064.75  520809.5   509501.5   506847.
  414657.25  506852.    547466.5   537161.9   506862.88  523833.5
  506852.    566699.6   537796.    520809.5   525201.75  570992.9
  537796.    536477.9   537794.5   520809.5   526379.25  506852.
  529239.    525201.75  540111.1   543818.25  521647.25  537796.
  537796.    522810.5   569499.    523835.5   507174.   2143626.
  506852.    549848.4   537796.   2143626.    506852.    550430.6
  513434.25  543151.5   537794.5   506852.    506852.    537796.
  506852.    523838.5   537796.    572616.4   543842.25  523833.5
  525201.75  537796.    506852.    530341.9   506847.    550430.6
  536281.1  2126963.    523835.5   570363.6   476194.75  522794.62
  518797.88  520809.5   495051.25  535015.6   540877.9   506852.
  537796.    537796.   2143626.    537796.   2143626.    520809.5
 2143626.    567260.1   537794.5   537796.    537796.    507174.5
  506847.    547897.5   547897.5   537796.    542757.9   509392.75
  494202.25  537794.5   540111.1   534090.25  520809.5   536278.4
  506852.    516679.5   506852.    523837.    536480.75  535498.5
  535015.6   506849.    537796.    523838.5   520809.5   526379.25
  535017.6   506852.    478388.25  506862.88  537796.    536170.
  533135.6   518201.12  522656.    536276.1   522219.62  576646.25
  595954.    542318.25  509716.25  564584.4   506847.    521431.
  537796.    506852.    543818.25  535015.6   514427.12  536497.9
  506849.    506852.    537796.    526656.6   475167.25  575146.25
  537796.    550430.6   537796.    536267.6   506852.    525931.9
  535015.6   537796.    569559.6   507175.5   536618.5   478064.75
  537796.    550430.6   506852.    537796.  ]",,2147139.0,2290015.0,2078631.5
0.0,0.0,0.0,307.6170212765957,3,1,14500,14500,False,47,14,ecb03b6cbbd04db2860768bcb7adee2c,2021-12-21_09-55-31,1640076931,64.69649958610535,858.2704856395721,16212,DESKTOP-DC3PIC0,172.22.22.53,858.2704856395721,0,14,b35d5_00000,"[0.0, 0.0, 0.0, 0.0, 0.0, 0.0, 0.0, 0.0, 0.0, 0.0, 0.0, 0.0, 0.0, 0.0, 0.0, 0.0, 0.0, 0.0, 0.0, 0.0, 0.0, 0.0, 0.0, 0.0, 0.0, 0.0, 0.0, 0.0, 0.0, 0.0, 0.0, 0.0, 0.0, 0.0, 0.0, 0.0, 0.0, 0.0, 0.0, 0.0, 0.0, 0.0, 0.0, 0.0, 0.0, 0.0, 0.0]","[440, 461, 496, 238, 178, 177, 177, 172, 165, 165, 178, 164, 166, 169, 168, 168, 165, 175, 172, 307, 179, 175, 363, 165, 171, 174, 176, 169, 547, 643, 290, 833, 652, 405, 632, 601, 178, 172, 566, 484, 202, 550, 166, 273, 278, 171, 742]",3.965181256824302,7.295282367687028,0.11133840103241648,11.805558962182218,0.0,2.649,96628.164,11.951,21421.326,2.5,14500,14500,3328256,3328256,14500,13001,31.644186046511624,50.53837209302327,0.9899999999999997,0.6403283407521803,"[-518684.38 -527669.5  -527669.5  -472551.5  -527207.75 -521248.25
 -527669.5  -512343.88 -527678.   -512545.88 -520962.38 -513550.38
 -525615.5  -527453.25 -519426.5  -566577.1  -482233.5  -520962.38
 -482017.25 -520962.38 -566577.1  -201698.12 -527678.   -527669.5
 -527678.   -566577.1  -514432.75 -512444.25 -518684.38 -518684.38
 -520962.38 -518684.38 -527678.   -521132.62 -566577.1  -530894.5
 -568224.75 -523357.12 -504064.   -523357.12 -527678.   -527678.
 -520962.38 -527669.5  -529438.9  -527669.5  -482233.5  -520962.38
 -527678.   -452281.25 -520962.38 -520962.38 -518750.88 -527302.9
 -527669.5  -527669.5  -350439.25 -527461.75 -482233.5  -524966.9
 -527669.5  -527678.   -520962.38 -520962.38 -482233.5  -503359.5
 -482233.5  -527669.5  -489212.75 -527461.75 -525615.5  -527669.5
 -525615.5  1052104.5  -520962.38 -569072.5  -500473.88 -527669.5
 -527669.5  -526916.75 -526795.   -527678.   -529390.9  -518668.88
 -495583.38 -527473.1  -518878.25 -521132.62 -527669.5  -514877.25
 -566398.4  -520962.38 -527678.   1014247.   -544694.25 -566398.4
 -523347.62 -520962.38 -496337.75 -496334.25 -340774.5  -533110.4
 -527669.5  -520962.38 -557788.4  -521132.62 -527678.   -566577.1
 -517132.88 -527669.5  -526916.75 -527678.   -520962.38 -525615.5
 -525544.1  -512343.88 -527669.5  -527669.5  -525615.5  -517364.62
 -520962.38 -527678.   -566577.1  -518684.38 -518684.38 -527453.25
 -566577.1  -464428.38 -520962.38 -518684.38 -520962.38 -518750.88
 -527678.   -520962.38 -527669.5  -524550.75 -527669.5  -553548.1
 -527669.5  -525615.5  -434040.   -518607.62 -520962.38 -527669.5
 -526795.   -527678.   -527678.   -496085.62 -521132.62 -527669.5
 -525615.5  -562511.25 -514432.75 -520962.38 -484017.   -508100.62
 -566577.1  -558386.1  -527669.5  -527678.   -597933.75 -525615.5
 -517964.75 -521132.62 -518406.62 -511138.   -518388.25 -527669.5
 -518116.75 -520962.38 -527669.5  -527669.5  -520962.38 1059691.5
 -482233.5  -527473.1  -527669.5  -495583.38 -525615.5  -540288.4
 -521132.62 -514922.   -482233.5  -530266.6  -540163.4  -520962.38
 -483005.12 -527669.5  -527302.9  -514432.75 -566398.4  -518684.38
 -521248.25 -521132.62 -520962.38 -523357.12 -527669.5  -527453.25
 -528825.25 -525615.5  -566398.4  -509523.5  -482233.5  1014247.
 -620086.25 -489588.   -518668.88 -518878.25 -520962.38 -527678.
 -520962.38 -527669.5  -527669.5  -557823.4  -521248.25 -527669.5
 -527669.5  -514432.75 -527302.9  -523193.12 -523357.12 -621057.6
 -274340.88 -526916.75 -525615.5  -521132.62 -504060.5  -520962.38
 -518878.25 -520962.38 -454098.12 -508480.38 -484448.5  -520962.38
 -527302.9  -520962.38 -527669.5  -527669.5  -188765.12 -527669.5
 -518668.88 -520962.38 -527678.   -482233.5  -526916.75 -526293.6
 -529438.9  -527669.5  -514293.88 -521248.25 -527678.   -527669.5
 -222758.75 -496346.62 -520962.38 -525615.5 ]",,1044696.7,1383270.2,920749.0
0.0,0.0,0.0,300.4313725490196,4,1,15500,15500,False,51,15,ecb03b6cbbd04db2860768bcb7adee2c,2021-12-21_09-56-38,1640076998,66.43699955940247,924.7074851989746,16212,DESKTOP-DC3PIC0,172.22.22.53,924.7074851989746,0,15,b35d5_00000,"[0.0, 0.0, 0.0, 0.0, 0.0, 0.0, 0.0, 0.0, 0.0, 0.0, 0.0, 0.0, 0.0, 0.0, 0.0, 0.0, 0.0, 0.0, 0.0, 0.0, 0.0, 0.0, 0.0, 0.0, 0.0, 0.0, 0.0, 0.0, 0.0, 0.0, 0.0, 0.0, 0.0, 0.0, 0.0, 0.0, 0.0, 0.0, 0.0, 0.0, 0.0, 0.0, 0.0, 0.0, 0.0, 0.0, 0.0, 0.0, 0.0, 0.0, 0.0]","[440, 461, 496, 238, 178, 177, 177, 172, 165, 165, 178, 164, 166, 169, 168, 168, 165, 175, 172, 307, 179, 175, 363, 165, 171, 174, 176, 169, 547, 643, 290, 833, 652, 405, 632, 601, 178, 172, 566, 484, 202, 550, 166, 273, 278, 171, 742, 200, 228, 269, 167]",3.9364138518316256,7.3211717862185255,0.11138770776034376,11.797717845885323,0.0,2.399,106697.719,12.1,21156.307,2.5,15500,15500,3584256,3584256,15500,14001,31.427272727272733,50.529545454545456,0.9900000000000001,0.6402587890625,"[ 267483.     288903.     267220.5    233699.88   270711.88   269720.75
  312250.75   292452.75   287781.88   288903.     245984.62   224221.25
  245984.62   312250.75   310488.88   310504.25   267403.25   237829.88
  267483.     265525.62   292452.75   310504.25   247679.5    267775.
  265708.38   247588.     265459.12   312972.5    267483.     267483.
  287671.5    312250.75   311988.25   267483.     233088.62   213870.88
  233699.88   207236.62   311988.25   310504.25   288156.38   289013.38
  251070.38   310751.38   302338.12   310504.25   267483.     267220.5
  233699.88   262951.88   312564.38   245984.62   290953.38   267483.
  269989.5    262959.88   311988.25   311988.25   269815.75   233699.88
  311058.75   310504.25   267483.     311480.     267483.     311988.25
  252204.38   267220.5    267483.     258314.5    234868.25   288903.
  267483.     311988.25   311988.25   267483.     245984.62   233699.88
  284208.5    267483.     267483.     243363.88   293993.25   311988.25
  287781.88   271709.62   244670.     299333.25   267483.     244670.
  267775.     245990.12   245984.62  1750100.5    267483.     267483.
 1749546.     311988.25   277314.5    311988.25   243729.12   266080.12
  111730.625  311988.25   288156.38   311058.75   228317.25   244670.
  223089.     310504.25   267483.     288903.     310504.25   204640.88
  310504.25   310504.25   237779.38   311988.25   207017.12   287781.88
  243729.12   311988.25   274530.62   109017.625  311988.25   285992.75
  283692.75   283562.5    205437.62   311988.25   233088.62   310488.88
  267483.     288903.     267483.     297199.38   311988.25   251616.12
  311988.25   244743.25   242920.25   267483.     290963.25   312540.38
  242364.     284553.     249883.12   288903.     255482.75   333838.62
  244743.25   233699.88   267220.5    311988.25   267483.     267483.
  312250.75   242364.    1749546.     267483.     310504.25   311988.25
  310488.88   267775.     267483.     274868.12   267220.5    290963.25
  288156.38   233699.88   257960.     234079.75   303886.38   245464.38
  245984.62   311904.38   251617.12   311988.25   226315.88   233699.88
  264920.38   292247.75   249368.88   267483.     267220.5    310504.25
  267483.     288903.     267775.     267850.62   311988.25   288156.38
  288903.     311988.25   288903.     267483.     243471.88   310504.25
  310504.25   286735.38   311988.25   258137.25   288903.     311896.5
  306242.88   223089.     327836.75   247679.5    267483.     267483.
  244665.     267483.     193657.12   311988.25   267230.38   311988.25
  267560.25   234665.25   269989.5    264993.75   227059.25   278650.62
  266488.12   310504.25   284553.     234377.5    249368.88   238863.12
  249768.     366611.     310504.25   267483.     277900.5    311988.25
  310504.25   267483.     311988.25   271944.88   265525.62   312250.75
  311988.25   313033.5    284553.     269726.75   267483.     267483.
  267483.     311988.25    84736.75   267483.     311988.25   267483.
  243729.12   284553.     310766.75   311988.25 ]",,1752010.8,1886485.0,1645978.0
0.0,0.0,0.0,304.1296296296296,3,1,16500,16500,False,54,16,ecb03b6cbbd04db2860768bcb7adee2c,2021-12-21_09-57-43,1640077063,65.18649911880493,989.8939843177795,16212,DESKTOP-DC3PIC0,172.22.22.53,989.8939843177795,0,16,b35d5_00000,"[0.0, 0.0, 0.0, 0.0, 0.0, 0.0, 0.0, 0.0, 0.0, 0.0, 0.0, 0.0, 0.0, 0.0, 0.0, 0.0, 0.0, 0.0, 0.0, 0.0, 0.0, 0.0, 0.0, 0.0, 0.0, 0.0, 0.0, 0.0, 0.0, 0.0, 0.0, 0.0, 0.0, 0.0, 0.0, 0.0, 0.0, 0.0, 0.0, 0.0, 0.0, 0.0, 0.0, 0.0, 0.0, 0.0, 0.0, 0.0, 0.0, 0.0, 0.0, 0.0, 0.0, 0.0]","[440, 461, 496, 238, 178, 177, 177, 172, 165, 165, 178, 164, 166, 169, 168, 168, 165, 175, 172, 307, 179, 175, 363, 165, 171, 174, 176, 169, 547, 643, 290, 833, 652, 405, 632, 601, 178, 172, 566, 484, 202, 550, 166, 273, 278, 171, 742, 200, 228, 269, 167, 264, 159, 678]",3.916611972230584,7.343130029954811,0.11144533117900056,11.79247272687095,0.0,2.649,96638.6,13.3,19247.825,2.251,16500,16500,3840256,3840256,16500,15001,31.355813953488365,50.54534883720931,0.9899999999999997,0.6402587890625,"[ 130379.375  126646.5    127972.5    137147.5    127972.5    126646.5
  137286.12   137147.5    136909.88   137147.5    125634.125  137147.5
  137147.5    120194.     126646.5    146807.62   137147.5     56678.375
   95778.125   94612.625  137286.12   186704.88   136898.5    128360.125
  126646.5    137147.5    137152.      95152.      95778.125  137147.5
  108725.75   153902.88   137859.88   139954.     137286.12   137147.5
  136898.5    120194.     136898.5    137147.5    126130.125  111876.125
  148619.5    174845.88   127873.875  130379.375  124063.375  126646.5
  126646.5    127857.5    126646.5    115459.625  108658.375  126646.5
   78338.375 1553788.5    130857.375  107538.625  133636.     127868.875
  127873.875  126646.5    137286.12   137147.5    137147.5    135236.25
  121430.75   137147.5    120194.      96182.125  212321.75   127972.5
  174845.88   137286.12   130379.375  134469.25   126851.25   152757.38
  137147.5    137147.5    176434.12   137147.5    116515.5    109067.5
   94612.625  137147.5    137147.5    137147.5    164396.38   136909.88
  126646.5    130265.375  130379.375  126289.     137286.12   128111.5
  137147.5    127862.5    176434.12   126646.5     94612.625   96963.
  136898.5    115452.625  174704.38   126646.5    126646.5    142268.25
  127972.5    130265.375   95152.     137147.5    137147.5    126646.5
  136898.5     92293.25   127983.875   68669.625   93997.125  137286.12
   95152.     130379.375  108565.375  137147.5    137286.12   122006.75
  149961.25   130379.375  134267.38   137147.5    137286.12   137286.12
  126646.5    132644.88   137147.5    101557.5    127982.375   94930.125
  159864.     127862.5    141499.62   137286.12    95152.     115459.625
  137286.12    94612.625  127862.5     94612.625  237943.38   109067.5
  114908.125  128111.5    126646.5    150313.12   126646.5    116655.125
  127862.5    137147.5    130379.375  137286.12   127971.     134703.75
  137147.5    120094.625  137147.5    127862.5     65837.125  137147.5
  193248.12   137147.5    137147.5    137286.12   137147.5    128108.
  130265.375   95152.     100103.125  178961.12   127862.5     97477.5
  138462.38   128221.5    128360.125  136898.5     43445.25   126647.375
  143405.62   137147.5    137286.12   108974.     137147.5    134535.88
  103966.125  126646.5    126646.5    137147.5     89646.875  127857.5
  137147.5    119099.625  134797.25   141351.12   104078.     137147.5
   96940.875  126646.5    126646.5    137147.5     94612.625  137286.12
  137147.5    150313.12   101471.375  137147.5    119947.5    126646.5
  121017.     128360.125  128710.5    137147.5    129502.     127862.5
  137147.5    137147.5    144835.38    94612.625   94612.625  137147.5
  130379.375  103966.125  137147.5     86425.625  126646.5    148580.75
  137286.12   157813.75   144831.5    137147.5    127027.5    126646.5
  159864.     126646.5     89589.875  174845.88    96723.375  127972.5
  127862.5    142994.     120194.     126646.5    136898.5    137286.12
  136898.5    108657.875  146807.62   126646.5  ]",,1556409.9,1679501.5,1485873.0
0.0,0.0,0.0,307.01785714285717,2,1,17500,17500,False,56,17,ecb03b6cbbd04db2860768bcb7adee2c,2021-12-21_09-58-47,1640077127,64.21349787712097,1054.1074821949005,16212,DESKTOP-DC3PIC0,172.22.22.53,1054.1074821949005,0,17,b35d5_00000,"[0.0, 0.0, 0.0, 0.0, 0.0, 0.0, 0.0, 0.0, 0.0, 0.0, 0.0, 0.0, 0.0, 0.0, 0.0, 0.0, 0.0, 0.0, 0.0, 0.0, 0.0, 0.0, 0.0, 0.0, 0.0, 0.0, 0.0, 0.0, 0.0, 0.0, 0.0, 0.0, 0.0, 0.0, 0.0, 0.0, 0.0, 0.0, 0.0, 0.0, 0.0, 0.0, 0.0, 0.0, 0.0, 0.0, 0.0, 0.0, 0.0, 0.0, 0.0, 0.0, 0.0, 0.0, 0.0, 0.0]","[440, 461, 496, 238, 178, 177, 177, 172, 165, 165, 178, 164, 166, 169, 168, 168, 165, 175, 172, 307, 179, 175, 363, 165, 171, 174, 176, 169, 547, 643, 290, 833, 652, 405, 632, 601, 178, 172, 566, 484, 202, 550, 166, 273, 278, 171, 742, 200, 228, 269, 167, 264, 159, 678, 176, 594]",3.9019467129650454,7.359232752457573,0.11147852814145873,11.78954294162729,0.0,2.3,111312.416,12.6,20317.856,2.251,17500,17500,4096256,4096256,17500,16001,31.897674418604645,50.586046511627934,0.9899999999999997,0.6402587890625,"[ -86641.     -58862.75   -38767.625  -26623.375  -52912.75   -84831.875
 -158559.75   -62811.     -84561.625  -57349.     -33721.875  -84831.875
 -134402.25   -85302.625  -57482.75   -52574.75   -84831.875  -57349.
   42811.625  -57331.25   -23186.5    -86762.375  -74612.25   -40466.5
  -60123.375  -84831.875  -86077.375  -50442.875 1351880.     -57268.5
  -84831.875  -86077.375  -61057.25   -90525.125  -90514.625  -35217.25
  -90525.125  -90525.125  -83368.625  -90525.125  -96902.5    245584.12
  -89322.125  -93366.125  -57349.     -86722.375  -51881.75   -84559.625
  -57349.    -158559.75   -90525.125  -29695.625  -90121.375  -57417.875
  -84831.875  -90525.125  -55360.     -84828.875  -57349.     -30466.25
  -60602.     -52574.75   -57349.     137899.5    -57268.5    -86077.375
  -84831.875  -80950.     -87280.375  -43574.     -84831.875  -60697.
  -67344.625  105000.25   -35747.25   -52574.75   -57312.     -75660.375
 -120806.25   -38897.75   -79333.5    -90525.125  -60524.375  -90525.125
  -84831.875  -84831.875  -40600.75   -55187.125  -71829.875  -69556.75
 1314941.     -80536.5    -86077.375 1314941.     -80536.5    -92014.5
  -57349.     -68758.25   -51885.75   -90525.125  -89321.125  -86077.375
  -84831.875  -67344.625  -88076.625  -90525.125  -52913.75   -70543.125
  -88076.625  -90525.125  -84831.875  -51070.375  -36960.125  -85302.625
  -84831.875  -57264.    -101096.75   -90525.125 -103343.75   -86077.375
  -87402.625  -75298.375  -84831.875  -57268.5    -57246.25   -90514.625
  -57482.75   -24275.125 -115501.75   -57268.5    -40600.75   -60697.
  -88562.875  -54169.875  -90525.125 1313695.5    -84831.875  -52707.375
  -90525.125  -57268.5    -90525.125  -86077.375  -90525.125  217236.75
  -64960.125  -75793.5    -84571.625  -90525.125  -60524.375  -90525.125
  -57268.5    -51446.75  -134402.25   -86077.375  -90525.125  -66715.75
  -57268.5    -84561.625  -90525.125  -80277.5    -88076.625  -70612.5
  -90525.125  -84831.875  -64099.875  -55360.     -30674.625  -57349.
  -90525.125 -109761.375  -57332.25   -84831.875  -57349.     -75545.125
  -57349.     -87808.375  -86077.375  -57268.5    -38906.125  -90525.125
  -75222.125  -90121.375  -53128.125  -90525.125  -90517.125  -84831.875
  -84831.875  -86077.375  -87280.375  -90121.375  -67081.875  -41005.375
  -70625.125  -90121.375 -203530.12   -51885.75   -96902.5    -38782.375
  -64901.     -67006.125  -92429.75    -1493.75   -89321.125  -64911.375
 1317802.5    -87280.375  -57157.5    -89322.125  -57268.5    -84831.875
  -67344.625  -90525.125  -84831.875  -86077.375  -85302.625  -90525.125
  -84831.875  -69264.       6681.25   -58919.375  -88076.625  -87280.375
  -57332.25   -90525.125  -57268.5    -84831.875  -86077.375  -66715.75
  -79324.625  -78375.     -66436.     -57349.    -129852.375  -72818.875
  -84831.875  -90525.125  -89321.125  -93365.125  -52574.75   -58973.25
  -26584.625  -53639.     -90525.125  -84816.875  -57349.    -115213.5
  -57562.875  -29695.625  -90525.125  -84831.875 1314941.     -65331.375
  -51070.375  -57349.     -74946.375  -57268.5  ]",,1336080.1,1621681.0,1255901.0
0.0,0.0,0.0,305.98333333333335,4,1,18500,18500,False,60,18,ecb03b6cbbd04db2860768bcb7adee2c,2021-12-21_09-59-54,1640077194,67.02049779891968,1121.1279799938202,16212,DESKTOP-DC3PIC0,172.22.22.53,1121.1279799938202,0,18,b35d5_00000,"[0.0, 0.0, 0.0, 0.0, 0.0, 0.0, 0.0, 0.0, 0.0, 0.0, 0.0, 0.0, 0.0, 0.0, 0.0, 0.0, 0.0, 0.0, 0.0, 0.0, 0.0, 0.0, 0.0, 0.0, 0.0, 0.0, 0.0, 0.0, 0.0, 0.0, 0.0, 0.0, 0.0, 0.0, 0.0, 0.0, 0.0, 0.0, 0.0, 0.0, 0.0, 0.0, 0.0, 0.0, 0.0, 0.0, 0.0, 0.0, 0.0, 0.0, 0.0, 0.0, 0.0, 0.0, 0.0, 0.0, 0.0, 0.0, 0.0, 0.0]","[440, 461, 496, 238, 178, 177, 177, 172, 165, 165, 178, 164, 166, 169, 168, 168, 165, 175, 172, 307, 179, 175, 363, 165, 171, 174, 176, 169, 547, 643, 290, 833, 652, 405, 632, 601, 178, 172, 566, 484, 202, 550, 166, 273, 278, 171, 742, 200, 228, 269, 167, 264, 159, 678, 176, 594, 445, 165, 267, 289]",3.8784608776488683,7.392935280101327,0.11150115902728004,11.784855512330648,0.0,2.0,127989.442,12.651,20236.065,2.45,18500,18500,4352256,4352256,18500,17001,31.21590909090909,50.59659090909092,0.9900000000000001,0.6402587890625,"[ 131592.5     86907.      87102.125  116215.25   120305.375  142081.75
  111473.25    67050.     116215.25   137547.38   111473.25    97287.
  131592.5    136896.75   123229.5     22796.5    100523.25  1440460.5
  111473.25    83164.375  119517.75   115243.      88455.625  118074.
  120044.25   136886.75    99719.625  132763.     120305.375  131658.38
   95210.375  111913.25    86289.     111473.25   120697.75    85090.375
  123857.375  130358.75   111473.25   131592.5    125193.      20451.875
  119545.5    124426.25   111473.25   131577.75  -107421.875  131592.5
  126559.     114454.     101703.375   86730.375  116209.75   125098.5
  164585.5     86259.375   88482.625  136905.75   120301.     106419.625
  116215.25   119540.5    131592.5    141346.25   127093.375  114627.375
  130280.625   99305.5    116215.25   116215.25   120250.     111473.25
  134396.12   111473.25    88455.625  132483.88   104943.5     97403.75
  116215.25   123608.     124426.25   131592.5     97363.75   116215.25
  119517.75    92413.125  111473.25   116215.25   119206.375  116215.25
  132763.     134465.5    122990.75   116215.25   120307.875  108629.
  131592.5    111473.25   131592.5     99703.125   99334.     111473.25
  116215.25  1435718.5    141653.88   131592.5     60110.75   119517.75
  117536.375  111473.25    88491.125  131592.5    119517.75   116215.25
  132222.38   120459.625  120300.5    116215.25   111760.75   132763.
  116215.25    88486.625  107430.25   123879.75   132763.     131592.5
  125209.     125098.5    131592.5     86727.25   208348.5    132231.5
   88760.375  162890.75   111473.25   124842.     105922.875  131592.5
  116215.25   111473.25   123160.125  132741.75   112719.      88486.625
   96364.5     92888.25   123879.75   123844.       3325.375   82805.375
  131592.5    116215.25   120363.     107721.5    129019.625  134396.12
  116215.25   122990.75    88489.125   81020.     119517.75   132763.
   83158.875  101204.5    131592.5    130466.25   125153.     147148.88
   99818.5    131592.5     99303.     133066.38   122709.25   119517.75
  127091.5    116215.25   131592.5    119517.75   125098.5    116215.25
  246289.5    116215.25   120301.     131592.5    116215.25   122990.75
  143285.12   116215.25    92888.25   143285.12   111473.25    81941.75
  103766.25   123726.25   103737.875  132747.75   131592.5    123879.75
   86730.375   88486.625 1487880.5     88482.625  101069.     117297.25
  131577.75    99355.     110906.5     88501.625  131592.5    105254.25
  109345.625  131592.5   1487880.5    119151.375   92652.125 1435718.5
  123879.75   131577.75   111473.25   118662.25   116215.25    99291.5
 1435718.5    116215.25   134465.5    114248.     131578.5     99703.125
   99341.5    131592.5    134396.12   -14833.75    98730.5    147148.88
   99703.125  130260.75   116215.25   101072.     120296.5    120697.75
  107559.     132763.      88482.625  112924.75  1487880.5    131592.5
  125153.     112707.5    116215.25   116215.25   116215.25   131592.5
   67050.     111473.25   116215.25    27840.125]",,1444039.0,1632066.5,1257823.8
